order,prompt,A_model,B_model,A_fluency,B_fluency,A_factuality,B_factuality,A_text,B_text
"A=GPT, B=Claude",Java object,gpt-4o,claude-3-haiku-20240307,88.53,94.17,100.0,100.0,[gpt-4o] Mock response. Disable Mock Mode to call the real API.,[claude-3-haiku-20240307] Mock response. Disable Mock Mode to call the real API.
"A=GPT, B=Claude",Java object,gpt-4o,claude-3-haiku-20240307,88.53,94.17,100.0,100.0,[gpt-4o] Mock response. Disable Mock Mode to call the real API.,[claude-3-haiku-20240307] Mock response. Disable Mock Mode to call the real API.
"A=GPT, B=Claude",what is jdbc?,gpt-4o,claude-3-haiku-20240307,37.66,22.46,75.0,84.62,"JDBC, which stands for Java Database Connectivity, is an API (Application Programming Interface) in Java that allows Java applications to interact with a variety of databases. It provides a standard interface for connecting to relational databases, executing SQL queries, and retrieving results.

### Key Features of JDBC:

1. **Database Independence**: JDBC allows Java applications to interact with different databases without needing to change the application code. This is achieved through the use of JDBC drivers specific to each database.

2. **Standardized API**: JDBC provides a set of classes and interfaces that standardize how Java applications communicate with databases, making it easier for developers to work with different database systems.

3. **Connection Management**: JDBC handles the establishment and management of connections to the database, allowing developers to focus on executing queries and processing results.

4. **Support for SQL**: JDBC allows developers to execute SQL statements, including queries, updates, and stored procedures.

5. **Result Set Handling**: JDBC provides mechanisms to retrieve and manipulate the results returned by SQL queries through the `ResultSet` interface.

### Basic Steps to Use JDBC:

1. **Load the JDBC Driver**: The appropriate JDBC driver for the database must be loaded. This can be done using `Class.forName()` method.

2. **Establish a Connection**: Use `DriverManager.getConnection()` to establish a connection to the database using a connection URL, username, and password.

3. **Create a Statement**: Create a `Statement` or `PreparedStatement` object to send SQL commands to the database.

4. **Execute Queries**: Use the `executeQuery()` method for SELECT statements or `executeUpdate()` for INSERT, UPDATE, or DELETE statements.

5. **","JDBC (Java Database Connectivity) is a Java API that provides a standard set of interfaces and classes for interacting with databases from Java applications. It allows Java programs to execute SQL statements, retrieve results, and manage database connections.

The key features of JDBC include:

1. Database independence: JDBC provides a consistent API for interacting with different database management systems (DBMS), such as MySQL, Oracle, PostgreSQL, and SQL Server, without having to write specific code for each database.

2. Connection management: JDBC handles the establishment, maintenance, and termination of database connections, allowing Java applications to connect to and interact with databases.

3. SQL execution: JDBC provides methods for executing SQL statements, including SELECT, INSERT, UPDATE, and DELETE, and for retrieving the results of those statements.

4. Result set handling: JDBC allows Java applications to work with the result sets returned by SQL queries, providing methods for navigating, accessing, and manipulating the data.

5. Transaction management: JDBC supports database transactions, allowing Java applications to group multiple SQL statements into a single atomic operation that can be committed or rolled back.

JDBC is a fundamental component of the Java Enterprise Edition (Java EE) platform and is widely used in Java-based web applications, enterprise applications, and other data-driven software. It provides a standard way for Java developers to interact with databases, making it easier to build portable and scalable data-driven applications."
"A=GPT, B=Claude",what is jdbc?,gpt-4o,claude-3-haiku-20240307,37.66,22.46,75.0,84.62,"JDBC, which stands for Java Database Connectivity, is an API (Application Programming Interface) in Java that allows Java applications to interact with a variety of databases. It provides a standard interface for connecting to relational databases, executing SQL queries, and retrieving results.

### Key Features of JDBC:

1. **Database Independence**: JDBC allows Java applications to interact with different databases without needing to change the application code. This is achieved through the use of JDBC drivers specific to each database.

2. **Standardized API**: JDBC provides a set of classes and interfaces that standardize how Java applications communicate with databases, making it easier for developers to work with different database systems.

3. **Connection Management**: JDBC handles the establishment and management of connections to the database, allowing developers to focus on executing queries and processing results.

4. **Support for SQL**: JDBC allows developers to execute SQL statements, including queries, updates, and stored procedures.

5. **Result Set Handling**: JDBC provides mechanisms to retrieve and manipulate the results returned by SQL queries through the `ResultSet` interface.

### Basic Steps to Use JDBC:

1. **Load the JDBC Driver**: The appropriate JDBC driver for the database must be loaded. This can be done using `Class.forName()` method.

2. **Establish a Connection**: Use `DriverManager.getConnection()` to establish a connection to the database using a connection URL, username, and password.

3. **Create a Statement**: Create a `Statement` or `PreparedStatement` object to send SQL commands to the database.

4. **Execute Queries**: Use the `executeQuery()` method for SELECT statements or `executeUpdate()` for INSERT, UPDATE, or DELETE statements.

5. **","JDBC (Java Database Connectivity) is a Java API that provides a standard set of interfaces and classes for interacting with databases from Java applications. It allows Java programs to execute SQL statements, retrieve results, and manage database connections.

The key features of JDBC include:

1. Database independence: JDBC provides a consistent API for interacting with different database management systems (DBMS), such as MySQL, Oracle, PostgreSQL, and SQL Server, without having to write specific code for each database.

2. Connection management: JDBC handles the establishment, maintenance, and termination of database connections, allowing Java applications to connect to and interact with databases.

3. SQL execution: JDBC provides methods for executing SQL statements, including SELECT, INSERT, UPDATE, and DELETE, and for retrieving the results of those statements.

4. Result set handling: JDBC allows Java applications to work with the result sets returned by SQL queries, providing methods for navigating, accessing, and manipulating the data.

5. Transaction management: JDBC supports database transactions, allowing Java applications to group multiple SQL statements into a single atomic operation that can be committed or rolled back.

JDBC is a fundamental component of the Java Enterprise Edition (Java EE) platform and is widely used in Java-based web applications, enterprise applications, and other data-driven software. It provides a standard way for Java developers to interact with databases, making it easier to build portable and scalable data-driven applications."
"A=GPT, B=Claude",python decorators,gpt-4o,claude-3-haiku-20240307,47.35,25.9,50.0,0.0,"Python decorators are a powerful and flexible way to modify or enhance the behavior of functions or methods. They allow you to wrap another function, modifying its behavior without changing its code. Decorators are often used for logging, enforcing access control, instrumentation, caching, and more.

### Basic Syntax

A decorator is a function that takes another function as an argument and returns a new function that usually extends the behavior of the original function.

Here's a simple example of a decorator:

```python
def my_decorator(func):
    def wrapper():
        print(""Something is happening before the function is called."")
        func()
        print(""Something is happening after the function is called."")
    return wrapper

@my_decorator
def say_hello():
    print(""Hello!"")

say_hello()
```

### Output:
```
Something is happening before the function is called.
Hello!
Something is happening after the function is called.
```

### How It Works

1. **Defining the Decorator**: The `my_decorator` function takes another function `func` as an argument.
2. **Creating the Wrapper**: Inside `my_decorator`, a nested function `wrapper` is defined, which adds behavior before and after calling `func`.
3. **Returning the Wrapper**: The `wrapper` function is returned from `my_decorator`.
4. **Using the Decorator**: The `@my_decorator` syntax is a shorthand for `say_hello = my_decorator(say_hello)`, which means that `say_hello` is now replaced by the `wrapper` function.

### Decorators with Arguments

If you want to create a decorator that accepts arguments, you need to add another layer of function nesting","Python decorators are a powerful feature that allow you to modify the behavior of a function or class without changing its source code. Decorators are a way to wrap a function with another function, adding extra functionality to the original function.

Here's a basic example of a decorator in Python:

```python
def uppercase(func):
    def wrapper():
        result = func()
        return result.upper()
    return wrapper

@uppercase
def say_hello():
    return ""hello""

print(say_hello())  # Output: HELLO
```

In this example, the `uppercase` function is a decorator that takes a function as an argument, and returns a new function that adds the extra functionality of converting the result to uppercase.

The `@uppercase` syntax is a shorthand way of applying the decorator to the `say_hello` function. This is equivalent to writing:

```python
say_hello = uppercase(say_hello)
```

Decorators can also take arguments, which allows you to customize the behavior of the decorator. Here's an example:

```python
def repeat(n):
    def decorator(func):
        def wrapper():
            result = func()
            return result * n
        return wrapper
    return decorator

@repeat(3)
def say_hello():
    return ""hello""

print(say_hello())  # Output: hellohellohello
```

In this example, the `repeat` decorator takes an argument `n`, which specifies the number of times to repeat the result of the decorated function.

Decorators can also be used to modify the"
"A=GPT, B=Claude",what is Jax-rs?,gpt-4o,claude-3-haiku-20240307,49.6,39.23,85.71,85.71,"JAX-RS (Java API for RESTful Web Services) is a set of APIs to create web services in Java that adhere to the REST (Representational State Transfer) architectural style. It is part of the Java EE (Enterprise Edition) specification and provides a standard way to build RESTful services in Java applications.

### Key Features of JAX-RS:

1. **Annotations**: JAX-RS uses annotations to simplify the development of RESTful services. Common annotations include:
   - `@Path`: Specifies the URI path for a resource.
   - `@GET`, `@POST`, `@PUT`, `@DELETE`: Indicate the HTTP methods that a resource supports.
   - `@Produces`: Specifies the media types that a resource can produce (e.g., JSON, XML).
   - `@Consumes`: Specifies the media types that a resource can consume.

2. **Resource Classes**: In JAX-RS, you define resource classes that represent the resources in your application. Each class can handle requests for a specific resource.

3. **URI Matching**: JAX-RS provides a way to map incoming HTTP requests to specific resource methods based on the request URI.

4. **Content Negotiation**: JAX-RS supports content negotiation, allowing clients to specify the desired response format (e.g., JSON or XML) through HTTP headers.

5. **Exception Handling**: JAX-RS provides mechanisms for handling exceptions and returning appropriate HTTP responses.

6. **Integration with Other Technologies**: JAX-RS can be easily integrated with other Java technologies, such as CDI (Contexts and Dependency Injection), Spring, and various JSON and XML processing libraries.

### Example of a Simple JAX-R","JAX-RS (Java API for RESTful Web Services) is a Java programming language API specification that provides support for building web services according to the Representational State Transfer (REST) architectural pattern.

JAX-RS is part of the Java EE (Enterprise Edition) platform and is used to create RESTful web services in Java. It provides a set of annotations and APIs that simplify the development of RESTful web services by handling the low-level details of the HTTP protocol, such as request/response handling, content negotiation, and parameter binding.

Some key features of JAX-RS include:

1. **Resource Modeling**: JAX-RS allows you to define your web service resources as Java classes and methods, using annotations to map them to HTTP methods and URL paths.

2. **Content Negotiation**: JAX-RS supports content negotiation, allowing clients to request data in different formats (e.g., JSON, XML, etc.) and the server to respond accordingly.

3. **Parameter Binding**: JAX-RS automatically binds request parameters (query parameters, path parameters, form parameters, etc.) to method parameters, simplifying the implementation of the web service.

4. **Exception Handling**: JAX-RS provides a built-in mechanism for handling exceptions and mapping them to appropriate HTTP status codes.

5. **Client API**: JAX-RS includes a client API that allows you to consume RESTful web services from Java applications.

Popular implementations of JAX-RS include Jersey, Apache CXF, and RESTEasy, among others. These implementations provide additional features and tools to further simplify the development"
"A=GPT, B=Claude",what is kubectl?,gpt-4o,claude-3-haiku-20240307,28.7,35.35,100.0,100.0,"`kubectl` is a command-line tool used to interact with Kubernetes clusters. Kubernetes is an open-source container orchestration platform that automates the deployment, scaling, and management of containerized applications. 

With `kubectl`, users can perform a variety of operations on Kubernetes resources, including:

- **Creating and managing resources**: You can create, update, and delete resources such as pods, services, deployments, and more.
- **Viewing resource status**: You can check the status of various resources in the cluster, view logs, and get detailed information about specific resources.
- **Scaling applications**: You can easily scale applications up or down by adjusting the number of replicas in a deployment.
- **Executing commands in containers**: You can run commands directly in the containers of your pods.
- **Applying configurations**: You can apply configuration files (usually in YAML or JSON format) to create or update resources in the cluster.

The basic syntax for using `kubectl` is:

```bash
kubectl [command] [type] [name] [flags]
```

For example, to get a list of all pods in the default namespace, you would use:

```bash
kubectl get pods
```

`kubectl` is an essential tool for developers and operators working with Kubernetes, as it provides a powerful interface for managing containerized applications and their lifecycle.","`kubectl` is a command-line tool used to interact with Kubernetes, the popular open-source container orchestration system. It is the primary tool used to deploy and manage applications on a Kubernetes cluster.

Some of the key functions of `kubectl` include:

1. **Deployment and Management**: `kubectl` allows you to create, update, and delete Kubernetes resources such as Pods, Deployments, Services, and more.

2. **Cluster Interaction**: You can use `kubectl` to interact with the Kubernetes cluster, including checking the status of nodes, pods, and services, as well as monitoring and troubleshooting the cluster.

3. **Configuration Management**: `kubectl` provides commands to apply, update, and delete Kubernetes configuration files, which are typically written in YAML or JSON format.

4. **Scaling and Autoscaling**: `kubectl` can be used to scale Kubernetes resources, such as increasing or decreasing the number of replicas in a Deployment.

5. **Logging and Debugging**: `kubectl` offers commands to view logs, execute commands in running containers, and debug issues within the Kubernetes cluster.

6. **Access Control**: `kubectl` can be used to manage user access and permissions within the Kubernetes cluster, including creating and managing roles, service accounts, and RBAC (Role-Based Access Control) policies.

Overall, `kubectl` is an essential tool for Kubernetes administrators and developers, as it provides a powerful and flexible interface for interacting with and managing Kubernetes clusters."
"A=GPT, B=Claude",what is kubectl?,gpt-4o,claude-3-haiku-20240307,28.7,35.35,100.0,100.0,"`kubectl` is a command-line tool used to interact with Kubernetes clusters. Kubernetes is an open-source container orchestration platform that automates the deployment, scaling, and management of containerized applications. 

With `kubectl`, users can perform a variety of operations on Kubernetes resources, including:

- **Creating and managing resources**: You can create, update, and delete resources such as pods, services, deployments, and more.
- **Viewing resource status**: You can check the status of various resources in the cluster, view logs, and get detailed information about specific resources.
- **Scaling applications**: You can easily scale applications up or down by adjusting the number of replicas in a deployment.
- **Executing commands in containers**: You can run commands directly in the containers of your pods.
- **Applying configurations**: You can apply configuration files (usually in YAML or JSON format) to create or update resources in the cluster.

The basic syntax for using `kubectl` is:

```bash
kubectl [command] [type] [name] [flags]
```

For example, to get a list of all pods in the default namespace, you would use:

```bash
kubectl get pods
```

`kubectl` is an essential tool for developers and operators working with Kubernetes, as it provides a powerful interface for managing containerized applications and their lifecycle.","`kubectl` is a command-line tool used to interact with Kubernetes, the popular open-source container orchestration system. It is the primary tool used to deploy and manage applications on a Kubernetes cluster.

Some of the key functions of `kubectl` include:

1. **Deployment and Management**: `kubectl` allows you to create, update, and delete Kubernetes resources such as Pods, Deployments, Services, and more.

2. **Cluster Interaction**: You can use `kubectl` to interact with the Kubernetes cluster, including checking the status of nodes, pods, and services, as well as monitoring and troubleshooting the cluster.

3. **Configuration Management**: `kubectl` provides commands to apply, update, and delete Kubernetes configuration files, which are typically written in YAML or JSON format.

4. **Scaling and Autoscaling**: `kubectl` can be used to scale Kubernetes resources, such as increasing or decreasing the number of replicas in a Deployment.

5. **Logging and Debugging**: `kubectl` offers commands to view logs, execute commands in running containers, and debug issues within the Kubernetes cluster.

6. **Access Control**: `kubectl` can be used to manage user access and permissions within the Kubernetes cluster, including creating and managing roles, service accounts, and RBAC (Role-Based Access Control) policies.

Overall, `kubectl` is an essential tool for Kubernetes administrators and developers, as it provides a powerful and flexible interface for interacting with and managing Kubernetes clusters."
"A=GPT, B=Claude",what is ReplicaSet?,gpt-4o,claude-3-haiku-20240307,48.7,46.89,33.33,33.33,"A ReplicaSet is a fundamental component of Kubernetes, which is an open-source container orchestration platform. The primary purpose of a ReplicaSet is to ensure that a specified number of pod replicas are running at any given time. It helps maintain the desired state of applications by automatically managing the lifecycle of pods.

### Key Features of ReplicaSet:

1. **Pod Management**: A ReplicaSet ensures that a certain number of pod replicas are running. If a pod fails or is deleted, the ReplicaSet automatically creates a new pod to replace it.

2. **Scaling**: You can easily scale the number of pod replicas up or down by modifying the ReplicaSet configuration. This allows for dynamic adjustment of application resources based on demand.

3. **Label Selector**: ReplicaSets use label selectors to identify the pods they manage. This allows for flexible grouping and management of pods based on specific criteria.

4. **Rolling Updates**: While ReplicaSets themselves do not handle updates directly, they are often used in conjunction with Deployments, which manage rolling updates to ReplicaSets. This allows for seamless updates to applications without downtime.

5. **Self-Healing**: If a pod crashes or becomes unresponsive, the ReplicaSet will automatically replace it, ensuring that the desired number of replicas is maintained.

### Example Use Case:

Suppose you have a web application that you want to run with three replicas for load balancing and high availability. You would create a ReplicaSet that specifies three replicas. If one of the pods goes down, the ReplicaSet will automatically create a new pod to ensure that there are always three pods running.

### YAML Example:

Here’s a simple example of a ReplicaSet defined in YAML:

```yaml
apiVersion: apps/v1","A ReplicaSet is a Kubernetes resource that ensures a specified number of pod replicas are running at all times. It is a higher-level abstraction compared to a Deployment, which is the recommended way to manage pods in a Kubernetes cluster.

The key features of a ReplicaSet are:

1. **Desired State**: ReplicaSet defines the desired number of replicas that should be running. If the number of pods is less than the desired state, the ReplicaSet will create new pods to match the desired state. If the number of pods is greater than the desired state, the ReplicaSet will delete the extra pods.

2. **Selector**: ReplicaSet uses a label selector to identify the pods it should manage. This allows the ReplicaSet to manage pods that were not created by it.

3. **Scaling**: ReplicaSet can scale the number of pod replicas up or down, either manually or automatically based on certain conditions.

4. **Self-Healing**: If a pod managed by a ReplicaSet fails or is deleted, the ReplicaSet will automatically create a new pod to replace it, ensuring the desired number of replicas is maintained.

ReplicaSets are often used as the underlying mechanism for Deployments, which provide a higher-level abstraction for managing pod lifecycles, including rolling updates and rollbacks. However, ReplicaSets can also be used directly, especially in cases where you need more fine-grained control over the pod management process."
"A=GPT, B=Claude",what is ReplicaSet?,gpt-4o,claude-3-haiku-20240307,48.7,46.89,33.33,33.33,"A ReplicaSet is a fundamental component of Kubernetes, which is an open-source container orchestration platform. The primary purpose of a ReplicaSet is to ensure that a specified number of pod replicas are running at any given time. It helps maintain the desired state of applications by automatically managing the lifecycle of pods.

### Key Features of ReplicaSet:

1. **Pod Management**: A ReplicaSet ensures that a certain number of pod replicas are running. If a pod fails or is deleted, the ReplicaSet automatically creates a new pod to replace it.

2. **Scaling**: You can easily scale the number of pod replicas up or down by modifying the ReplicaSet configuration. This allows for dynamic adjustment of application resources based on demand.

3. **Label Selector**: ReplicaSets use label selectors to identify the pods they manage. This allows for flexible grouping and management of pods based on specific criteria.

4. **Rolling Updates**: While ReplicaSets themselves do not handle updates directly, they are often used in conjunction with Deployments, which manage rolling updates to ReplicaSets. This allows for seamless updates to applications without downtime.

5. **Self-Healing**: If a pod crashes or becomes unresponsive, the ReplicaSet will automatically replace it, ensuring that the desired number of replicas is maintained.

### Example Use Case:

Suppose you have a web application that you want to run with three replicas for load balancing and high availability. You would create a ReplicaSet that specifies three replicas. If one of the pods goes down, the ReplicaSet will automatically create a new pod to ensure that there are always three pods running.

### YAML Example:

Here’s a simple example of a ReplicaSet defined in YAML:

```yaml
apiVersion: apps/v1","A ReplicaSet is a Kubernetes resource that ensures a specified number of pod replicas are running at all times. It is a higher-level abstraction compared to a Deployment, which is the recommended way to manage pods in a Kubernetes cluster.

The key features of a ReplicaSet are:

1. **Desired State**: ReplicaSet defines the desired number of replicas that should be running. If the number of pods is less than the desired state, the ReplicaSet will create new pods to match the desired state. If the number of pods is greater than the desired state, the ReplicaSet will delete the extra pods.

2. **Selector**: ReplicaSet uses a label selector to identify the pods it should manage. This allows the ReplicaSet to manage pods that were not created by it.

3. **Scaling**: ReplicaSet can scale the number of pod replicas up or down, either manually or automatically based on certain conditions.

4. **Self-Healing**: If a pod managed by a ReplicaSet fails or is deleted, the ReplicaSet will automatically create a new pod to replace it, ensuring the desired number of replicas is maintained.

ReplicaSets are often used as the underlying mechanism for Deployments, which provide a higher-level abstraction for managing pod lifecycles, including rolling updates and rollbacks. However, ReplicaSets can also be used directly, especially in cases where you need more fine-grained control over the pod management process."
"A=Claude, B=GPT",what is YAML Manifest?,claude-3-haiku-20240307,gpt-4o,31.57,32.83,71.43,66.67,"YAML Manifest is a file format used to define the configuration and deployment of applications, services, and resources in various cloud-based and container-based environments. YAML stands for ""YAML Ain't Markup Language,"" and it is a human-readable data serialization format that is often used for configuration files, deployment scripts, and other infrastructure-as-code (IaC) tools.

A YAML Manifest typically contains a set of key-value pairs that describe the desired state of an application or resource. This includes information such as:

1. **Metadata**: This includes the name, namespace, labels, and other identifying information for the resource.

2. **Specification**: This defines the desired configuration and behavior of the resource, such as the container image, environment variables, ports, and resource requirements.

3. **Status**: This section provides information about the current state of the resource, such as its current status, conditions, and any errors or warnings.

YAML Manifests are commonly used in Kubernetes, a popular open-source container orchestration platform, to define the deployment and management of applications and services. In Kubernetes, YAML Manifests are used to create and manage various Kubernetes resources, such as Pods, Deployments, Services, and Ingresses.

YAML Manifests are often preferred over other configuration formats, such as JSON, because they are more human-readable and easier to write and maintain. They also provide a more structured and organized way to define the configuration of complex applications and infrastructure.","A YAML manifest is a file that uses the YAML (YAML Ain't Markup Language) format to define configuration settings, resources, or metadata for applications, services, or infrastructure. YAML is a human-readable data serialization format that is often used for configuration files due to its simplicity and ease of use.

In the context of software development and deployment, particularly in cloud-native environments like Kubernetes, a YAML manifest typically describes the desired state of an application or service. This can include specifications for various resources such as:

- **Pods**: The smallest deployable units in Kubernetes, which can contain one or more containers.
- **Services**: Abstractions that define a logical set of Pods and a policy to access them.
- **Deployments**: Controllers that manage the deployment of applications, ensuring the desired number of Pods are running.
- **ConfigMaps and Secrets**: Ways to manage configuration data and sensitive information, respectively.
- **Volumes**: Storage resources for persistent data.

A typical YAML manifest might look like this:

```yaml
apiVersion: apps/v1
kind: Deployment
metadata:
  name: my-app
spec:
  replicas: 3
  selector:
    matchLabels:
      app: my-app
  template:
    metadata:
      labels:
        app: my-app
    spec:
      containers:
      - name: my-app-container
        image: my-app-image:latest
        ports:
        - containerPort: 80
```

In this example:

- `apiVersion` specifies the version of the Kubernetes API to use.
- `kind` indicates the type of resource being defined (in this case, a Deployment).
- `metadata` contains information about the resource, such"
"A=GPT, B=Claude",what is a YAML Manifest?,gpt-4o,claude-3-haiku-20240307,24.96,26.06,75.0,50.0,"A YAML manifest is a file that uses the YAML (YAML Ain't Markup Language) format to define and describe the configuration and properties of resources in various applications, particularly in cloud computing and container orchestration environments like Kubernetes.

### Key Characteristics of a YAML Manifest:

1. **Human-Readable Format**: YAML is designed to be easy to read and write for humans, making it a popular choice for configuration files.

2. **Hierarchical Structure**: YAML uses indentation to represent nested structures, which allows for a clear representation of complex configurations.

3. **Data Serialization**: It can represent various data types, including scalars (strings, numbers), lists, and dictionaries (key-value pairs).

4. **Common Use Cases**:
   - **Kubernetes**: In Kubernetes, YAML manifests are used to define resources such as Pods, Services, Deployments, ConfigMaps, and more. Each manifest specifies the desired state of the resource, which Kubernetes then works to maintain.
   - **Configuration Management**: Tools like Ansible and Docker Compose also use YAML manifests to define the configuration and deployment of applications.

### Example of a Kubernetes YAML Manifest:

```yaml
apiVersion: apps/v1
kind: Deployment
metadata:
  name: my-app
  labels:
    app: my-app
spec:
  replicas: 3
  selector:
    matchLabels:
      app: my-app
  template:
    metadata:
      labels:
        app: my-app
    spec:
      containers:
      - name: my-app-container
        image: my-app-image:latest
        ports:
        - containerPort: 80
```

### Components of the Example:

- **apiVersion**: Specifies","A YAML Manifest is a file written in the YAML (YAML Ain't Markup Language) format that is used to define the desired state of a system or application. It is commonly used in the context of container orchestration platforms like Kubernetes, where it is used to define the configuration of various Kubernetes resources, such as Pods, Services, Deployments, and more.

The YAML Manifest typically contains the following key elements:

1. **Metadata**: This section includes information about the resource, such as its name, namespace, labels, and annotations.

2. **Spec**: This section defines the desired state of the resource, such as the container image, resource requirements, environment variables, and other configuration settings.

3. **Status**: This section is typically not included in the YAML Manifest, as it is maintained by the Kubernetes API server and reflects the current state of the resource.

Here's an example of a simple YAML Manifest for a Kubernetes Deployment:

```yaml
apiVersion: apps/v1
kind: Deployment
metadata:
  name: my-app
spec:
  replicas: 3
  selector:
    matchLabels:
      app: my-app
  template:
    metadata:
      labels:
        app: my-app
    spec:
      containers:
      - name: my-app
        image: my-app:v1
        ports:
        - containerPort: 8080
```

In this example, the YAML Manifest defines a Deployment resource with three replicas of a container image name"
"A=GPT, B=Claude",what is a YAML Manifest?,gpt-4o,claude-3-haiku-20240307,24.96,26.06,83.0,68.0,"A YAML manifest is a file that uses the YAML (YAML Ain't Markup Language) format to define and describe the configuration and properties of resources in various applications, particularly in cloud computing and container orchestration environments like Kubernetes.

### Key Characteristics of a YAML Manifest:

1. **Human-Readable Format**: YAML is designed to be easy to read and write for humans, making it a popular choice for configuration files.

2. **Hierarchical Structure**: YAML uses indentation to represent nested structures, which allows for a clear representation of complex configurations.

3. **Data Serialization**: It can represent various data types, including scalars (strings, numbers), lists, and dictionaries (key-value pairs).

4. **Common Use Cases**:
   - **Kubernetes**: In Kubernetes, YAML manifests are used to define resources such as Pods, Services, Deployments, ConfigMaps, and more. Each manifest specifies the desired state of the resource, which Kubernetes then works to maintain.
   - **Configuration Management**: Tools like Ansible and Docker Compose also use YAML manifests to define the configuration and deployment of applications.

### Example of a Kubernetes YAML Manifest:

```yaml
apiVersion: apps/v1
kind: Deployment
metadata:
  name: my-app
  labels:
    app: my-app
spec:
  replicas: 3
  selector:
    matchLabels:
      app: my-app
  template:
    metadata:
      labels:
        app: my-app
    spec:
      containers:
      - name: my-app-container
        image: my-app-image:latest
        ports:
        - containerPort: 80
```

### Components of the Example:

- **apiVersion**: Specifies","A YAML Manifest is a file written in the YAML (YAML Ain't Markup Language) format that is used to define the desired state of a system or application. It is commonly used in the context of container orchestration platforms like Kubernetes, where it is used to define the configuration of various Kubernetes resources, such as Pods, Services, Deployments, and more.

The YAML Manifest typically contains the following key elements:

1. **Metadata**: This section includes information about the resource, such as its name, namespace, labels, and annotations.

2. **Spec**: This section defines the desired state of the resource, such as the container image, resource requirements, environment variables, and other configuration settings.

3. **Status**: This section is typically not included in the YAML Manifest, as it is maintained by the Kubernetes API server and reflects the current state of the resource.

Here's an example of a simple YAML Manifest for a Kubernetes Deployment:

```yaml
apiVersion: apps/v1
kind: Deployment
metadata:
  name: my-app
spec:
  replicas: 3
  selector:
    matchLabels:
      app: my-app
  template:
    metadata:
      labels:
        app: my-app
    spec:
      containers:
      - name: my-app
        image: my-app:v1
        ports:
        - containerPort: 8080
```

In this example, the YAML Manifest defines a Deployment resource with three replicas of a container image name"
"A=GPT, B=Claude",who discovered penicillin? ,gpt-4o,claude-3-haiku-20240307,31.68,37.06,94.0,89.42599999999999,"Penicillin was discovered by Alexander Fleming in 1928. He observed that a mold called Penicillium notatum had antibacterial properties, which led to the development of penicillin as the first widely used antibiotic.","Penicillin was discovered by Alexander Fleming in 1928.

The key facts about the discovery of penicillin are:

- Alexander Fleming was a Scottish bacteriologist working at St. Mary's Hospital in London.

- In 1928, Fleming was studying Staphylococcus bacteria in his laboratory. He noticed that a petri dish of the bacteria had been accidentally contaminated by a mold, and the area around the mold was clear of bacteria.

- Fleming realized the mold must be producing an antibacterial substance, which he later identified as penicillin. This was the first true antibiotic discovered.

- Fleming published his findings in 1929, but it took nearly a decade before scientists were able to purify and mass produce penicillin for clinical use.

- The mass production of penicillin during World War II is credited with saving many lives of soldiers wounded in battle, as it could treat previously deadly bacterial infections.

- Fleming, along with Howard Florey and Ernst Chain who helped develop the large-scale production of penicillin, were awarded the Nobel Prize in Physiology or Medicine in 1945 for the discovery and development of penicillin.

So in summary, Alexander Fleming is widely recognized as the discoverer of the first antibiotic, penicillin, in 1928."
"A=GPT, B=Claude","The mitochondria are often referred to as the 'powerhouse of the cell' because they generate ATP, the main energy currency in living organisms.

Question: Explain why mitochondria are called the powerhouse of the cell.

Constraints: Explain in 2 lines.",gpt-4o,claude-3-haiku-20240307,17.1,18.47,100.0,100.0,"Mitochondria are called the powerhouse of the cell because they produce adenosine triphosphate (ATP) through cellular respiration, providing the energy necessary for various cellular processes. Their role in converting nutrients into usable energy makes them essential for cell function and survival.","Mitochondria are called the powerhouse of the cell because they are the primary site of cellular respiration, where the majority of ATP (the energy currency of the cell) is produced through the process of oxidative phosphorylation. This efficient energy production allows the cell to carry out its various metabolic activities and functions."
"A=GPT, B=Claude","The mitochondria are often referred to as the 'powerhouse of the cell' because they generate ATP, the main energy currency in living organisms.

Question: Explain why mitochondria are called the powerhouse of the cell.

Constraints: Explain in 2 lines.",gpt-4o,claude-3-haiku-20240307,17.1,18.47,100.0,100.0,"Mitochondria are called the powerhouse of the cell because they produce adenosine triphosphate (ATP) through cellular respiration, providing the energy necessary for various cellular processes. Their role in converting nutrients into usable energy makes them essential for cell function and survival.","Mitochondria are called the powerhouse of the cell because they are the primary site of cellular respiration, where the majority of ATP (the energy currency of the cell) is produced through the process of oxidative phosphorylation. This efficient energy production allows the cell to carry out its various metabolic activities and functions."
"A=GPT, B=Claude","The mitochondria are often referred to as the 'powerhouse of the cell' because they generate ATP, the main energy currency in living organisms.

Question: Explain why mitochondria are called the powerhouse of the cell.

Constraints: Explain in 2 lines.",gpt-4o,claude-3-haiku-20240307,17.1,18.47,98.0,98.0,"Mitochondria are called the powerhouse of the cell because they produce adenosine triphosphate (ATP) through cellular respiration, providing the energy necessary for various cellular processes. Their role in converting nutrients into usable energy makes them essential for cell function and survival.","Mitochondria are called the powerhouse of the cell because they are the primary site of cellular respiration, where the majority of ATP (the energy currency of the cell) is produced through the process of oxidative phosphorylation. This efficient energy production allows the cell to carry out its various metabolic activities and functions."
"A=Claude, B=GPT",hello,claude-3-haiku-20240307,gpt-4o,82.77,82.77,100.0,100.0,Hello! How can I assist you today?,Hello! How can I assist you today?
"A=Claude, B=GPT",hello,claude-3-haiku-20240307,gpt-4o,94.17,88.53,100.0,100.0,[claude-3-haiku-20240307] Mock response. Disable Mock Mode to call the real API.,[gpt-4o] Mock response. Disable Mock Mode to call the real API.
"A=GPT, B=Claude",What version are you?,gpt-4o,claude-3-haiku-20240307,65.26,66.82,100.0,100.0,"I am based on OpenAI's GPT-3 model, and my training includes knowledge up until October 2021. However, I don't have a specific version number like software applications do. If you have any questions or need assistance, feel free to ask!","I don't have a specific version number. I'm an AI assistant created by Anthropic, but I'm not sure of the details of my training or capabilities compared to other AI systems. My knowledge and abilities may change over time as I'm updated. Is there something specific I can help you with?"
"A=Claude, B=GPT",What version are you,claude-3-haiku-20240307,gpt-4o,58.47,74.28,50.0,100.0,"I don't have a specific version number. I'm an artificial intelligence created by Anthropic, but the details of my training and capabilities can change over time as I'm updated. If you're curious about my current abilities, I'd encourage you to just try conversing with me and see what I'm able to do. Let me know if you have any other questions!","I am based on OpenAI's GPT-3 model, with knowledge updated until October 2021. If there have been any newer versions or updates since then, I wouldn't be aware of them. How can I assist you today?"
"A=Claude, B=GPT",what is kubeproxy?,claude-3-haiku-20240307,gpt-4o,35.26,50.54,83.0,76.802,"Kube-proxy is a core component of Kubernetes that runs on each node in a Kubernetes cluster. Its primary function is to manage network connectivity between services running on different nodes within the cluster, as well as between services and external clients.

The main responsibilities of kube-proxy include:

1. **Service Proxy**: Kube-proxy is responsible for forwarding traffic to the appropriate pods based on the Kubernetes Service definition. It maintains network rules on each node, which allow network communication to the Pods from network sessions inside or outside of the cluster.

2. **Load Balancing**: Kube-proxy provides basic load balancing capabilities by distributing traffic across multiple pods that are part of the same Kubernetes Service.

3. **Network Packet Transformation**: Kube-proxy can perform network address translation (NAT) on packets, allowing Kubernetes Services to be exposed on the node's IP address.

4. **Service Discovery**: Kube-proxy is responsible for maintaining the list of active Kubernetes Services and their corresponding endpoints, which is used to route traffic to the correct pods.

Kube-proxy can operate in different modes, such as userspace, iptables, or IPVS, depending on the Kubernetes version and the underlying network infrastructure. The mode determines how kube-proxy handles network traffic and implements the necessary network rules.

Kube-proxy is a critical component in the Kubernetes networking stack, ensuring that network communication within the cluster and to external clients is properly managed and routed.","Kube-proxy is a key component of Kubernetes, the popular open-source container orchestration platform. It is responsible for managing network communication between services and pods within a Kubernetes cluster. Here are some of its main functions and features:

1. **Service Discovery**: Kube-proxy helps in routing traffic to the appropriate pods based on the service definitions. When a service is created in Kubernetes, kube-proxy ensures that the network traffic directed to that service is properly routed to the corresponding pods.

2. **Load Balancing**: Kube-proxy can perform load balancing by distributing incoming network traffic across multiple pods that are part of a service. This helps in ensuring that no single pod is overwhelmed with too much traffic.

3. **Network Rules**: Kube-proxy manages network rules on the nodes in the cluster. It can use different modes to implement these rules, such as:
   - **iptables**: This mode uses Linux's iptables to manage network traffic. It creates rules that direct traffic to the appropriate backend pods.
   - **ipvs**: This mode uses IP Virtual Server (IPVS) for load balancing, which can provide better performance and scalability compared to iptables.
   - **Userspace**: This is an older mode where kube-proxy listens for traffic on a port and forwards it to the appropriate pod. This mode is less commonly used today due to performance limitations.

4. **Node-Level Proxy**: Kube-proxy runs on each node in the Kubernetes cluster, ensuring that network traffic can be routed correctly regardless of where the pods are running.

5. **Service Types**: Kube-proxy supports different types of services, including ClusterIP (default), NodePort, and LoadBalancer"
"A=Claude, B=GPT",what is kubeproxy?,claude-3-haiku-20240307,gpt-4o,35.26,50.54,83.0,72.802,"Kube-proxy is a core component of Kubernetes that runs on each node in a Kubernetes cluster. Its primary function is to manage network connectivity between services running on different nodes within the cluster, as well as between services and external clients.

The main responsibilities of kube-proxy include:

1. **Service Proxy**: Kube-proxy is responsible for forwarding traffic to the appropriate pods based on the Kubernetes Service definition. It maintains network rules on each node, which allow network communication to the Pods from network sessions inside or outside of the cluster.

2. **Load Balancing**: Kube-proxy provides basic load balancing capabilities by distributing traffic across multiple pods that are part of the same Kubernetes Service.

3. **Network Packet Transformation**: Kube-proxy can perform network address translation (NAT) on packets, allowing Kubernetes Services to be exposed on the node's IP address.

4. **Service Discovery**: Kube-proxy is responsible for maintaining the list of active Kubernetes Services and their corresponding endpoints, which is used to route traffic to the correct pods.

Kube-proxy can operate in different modes, such as userspace, iptables, or IPVS, depending on the Kubernetes version and the underlying network infrastructure. The mode determines how kube-proxy handles network traffic and implements the necessary network rules.

Kube-proxy is a critical component in the Kubernetes networking stack, ensuring that network communication within the cluster and to external clients is properly managed and routed.","Kube-proxy is a key component of Kubernetes, the popular open-source container orchestration platform. It is responsible for managing network communication between services and pods within a Kubernetes cluster. Here are some of its main functions and features:

1. **Service Discovery**: Kube-proxy helps in routing traffic to the appropriate pods based on the service definitions. When a service is created in Kubernetes, kube-proxy ensures that the network traffic directed to that service is properly routed to the corresponding pods.

2. **Load Balancing**: Kube-proxy can perform load balancing by distributing incoming network traffic across multiple pods that are part of a service. This helps in ensuring that no single pod is overwhelmed with too much traffic.

3. **Network Rules**: Kube-proxy manages network rules on the nodes in the cluster. It can use different modes to implement these rules, such as:
   - **iptables**: This mode uses Linux's iptables to manage network traffic. It creates rules that direct traffic to the appropriate backend pods.
   - **ipvs**: This mode uses IP Virtual Server (IPVS) for load balancing, which can provide better performance and scalability compared to iptables.
   - **Userspace**: This is an older mode where kube-proxy listens for traffic on a port and forwards it to the appropriate pod. This mode is less commonly used today due to performance limitations.

4. **Node-Level Proxy**: Kube-proxy runs on each node in the Kubernetes cluster, ensuring that network traffic can be routed correctly regardless of where the pods are running.

5. **Service Types**: Kube-proxy supports different types of services, including ClusterIP (default), NodePort, and LoadBalancer"
"A=GPT, B=Claude",Explain why plants are green in 3 lines,gpt-4o,claude-3-haiku-20240307,51.42,46.31,50.0,50.0,"Plants are green because they contain chlorophyll, a pigment that absorbs light primarily in the blue and red wavelengths while reflecting green light. This reflection of green light is what gives plants their characteristic color. Chlorophyll is essential for photosynthesis, allowing plants to convert sunlight into energy.","Plants appear green because they contain chlorophyll, a pigment that absorbs red and blue wavelengths of light while reflecting green wavelengths. This selective absorption and reflection of light is what gives plants their characteristic green color. The chlorophyll in plants is essential for photosynthesis, the process by which they convert light energy into chemical energy in the form of glucose."
"A=Claude, B=GPT",What is a neural network? ,claude-3-haiku-20240307,gpt-4o,36.49,42.53,50.0,0.0,"A neural network is a type of machine learning model that is inspired by the structure and function of the human brain. It is composed of interconnected nodes, called neurons, that work together to process and learn from data.

The key characteristics of a neural network are:

1. Layers: A neural network is organized into multiple layers, including an input layer, one or more hidden layers, and an output layer. Each layer consists of neurons that receive inputs, perform computations, and pass the results to the next layer.

2. Connections and Weights: The neurons in different layers are connected, and each connection has an associated weight. These weights determine the strength of the connection and are adjusted during the training process to improve the network's performance.

3. Activation Functions: Each neuron applies an activation function to its inputs, which introduces non-linearity and allows the network to learn complex patterns in the data.

4. Training: Neural networks are trained using large datasets and optimization algorithms, such as backpropagation, to adjust the weights of the connections and minimize the error between the network's outputs and the desired outputs.

Neural networks are particularly effective at tasks such as image recognition, natural language processing, speech recognition, and predictive modeling, where they can learn to extract and represent complex patterns in data. As the field of machine learning has advanced, neural networks have become increasingly powerful and versatile, leading to significant breakthroughs in various applications.","A neural network is a computational model inspired by the way biological neural networks in the human brain process information. It consists of interconnected groups of nodes, or ""neurons,"" which work together to solve specific problems, such as classification, regression, or pattern recognition.

### Key Components of Neural Networks:

1. **Neurons**: The basic units of a neural network, analogous to biological neurons. Each neuron receives input, processes it, and produces an output.

2. **Layers**: Neural networks are typically organized into layers:
   - **Input Layer**: The first layer that receives the input data.
   - **Hidden Layers**: Intermediate layers that perform computations and transformations on the input data. There can be one or more hidden layers in a network.
   - **Output Layer**: The final layer that produces the output of the network, such as class labels or continuous values.

3. **Weights and Biases**: Each connection between neurons has an associated weight that determines the strength of the connection. Biases are additional parameters that allow the model to fit the data better.

4. **Activation Functions**: Functions applied to the output of each neuron to introduce non-linearity into the model. Common activation functions include ReLU (Rectified Linear Unit), sigmoid, and tanh.

5. **Training**: Neural networks learn from data through a process called training, which involves adjusting the weights and biases to minimize the difference between the predicted output and the actual output (often measured using a loss function). This is typically done using optimization algorithms like gradient descent.

6. **Backpropagation**: A key algorithm used during training to compute gradients and update weights efficiently. It involves propagating the error backward through the network.

###"
"A=Claude, B=GPT",What is a neural network? ,claude-3-haiku-20240307,gpt-4o,36.49,42.53,50.0,0.0,"A neural network is a type of machine learning model that is inspired by the structure and function of the human brain. It is composed of interconnected nodes, called neurons, that work together to process and learn from data.

The key characteristics of a neural network are:

1. Layers: A neural network is organized into multiple layers, including an input layer, one or more hidden layers, and an output layer. Each layer consists of neurons that receive inputs, perform computations, and pass the results to the next layer.

2. Connections and Weights: The neurons in different layers are connected, and each connection has an associated weight. These weights determine the strength of the connection and are adjusted during the training process to improve the network's performance.

3. Activation Functions: Each neuron applies an activation function to its inputs, which introduces non-linearity and allows the network to learn complex patterns in the data.

4. Training: Neural networks are trained using large datasets and optimization algorithms, such as backpropagation, to adjust the weights of the connections and minimize the error between the network's outputs and the desired outputs.

Neural networks are particularly effective at tasks such as image recognition, natural language processing, speech recognition, and predictive modeling, where they can learn to extract and represent complex patterns in data. As the field of machine learning has advanced, neural networks have become increasingly powerful and versatile, leading to significant breakthroughs in various applications.","A neural network is a computational model inspired by the way biological neural networks in the human brain process information. It consists of interconnected groups of nodes, or ""neurons,"" which work together to solve specific problems, such as classification, regression, or pattern recognition.

### Key Components of Neural Networks:

1. **Neurons**: The basic units of a neural network, analogous to biological neurons. Each neuron receives input, processes it, and produces an output.

2. **Layers**: Neural networks are typically organized into layers:
   - **Input Layer**: The first layer that receives the input data.
   - **Hidden Layers**: Intermediate layers that perform computations and transformations on the input data. There can be one or more hidden layers in a network.
   - **Output Layer**: The final layer that produces the output of the network, such as class labels or continuous values.

3. **Weights and Biases**: Each connection between neurons has an associated weight that determines the strength of the connection. Biases are additional parameters that allow the model to fit the data better.

4. **Activation Functions**: Functions applied to the output of each neuron to introduce non-linearity into the model. Common activation functions include ReLU (Rectified Linear Unit), sigmoid, and tanh.

5. **Training**: Neural networks learn from data through a process called training, which involves adjusting the weights and biases to minimize the difference between the predicted output and the actual output (often measured using a loss function). This is typically done using optimization algorithms like gradient descent.

6. **Backpropagation**: A key algorithm used during training to compute gradients and update weights efficiently. It involves propagating the error backward through the network.

###"
"A=Claude, B=GPT",What is a neural network? ,claude-3-haiku-20240307,gpt-4o,36.49,42.53,68.0,39.2,"A neural network is a type of machine learning model that is inspired by the structure and function of the human brain. It is composed of interconnected nodes, called neurons, that work together to process and learn from data.

The key characteristics of a neural network are:

1. Layers: A neural network is organized into multiple layers, including an input layer, one or more hidden layers, and an output layer. Each layer consists of neurons that receive inputs, perform computations, and pass the results to the next layer.

2. Connections and Weights: The neurons in different layers are connected, and each connection has an associated weight. These weights determine the strength of the connection and are adjusted during the training process to improve the network's performance.

3. Activation Functions: Each neuron applies an activation function to its inputs, which introduces non-linearity and allows the network to learn complex patterns in the data.

4. Training: Neural networks are trained using large datasets and optimization algorithms, such as backpropagation, to adjust the weights of the connections and minimize the error between the network's outputs and the desired outputs.

Neural networks are particularly effective at tasks such as image recognition, natural language processing, speech recognition, and predictive modeling, where they can learn to extract and represent complex patterns in data. As the field of machine learning has advanced, neural networks have become increasingly powerful and versatile, leading to significant breakthroughs in various applications.","A neural network is a computational model inspired by the way biological neural networks in the human brain process information. It consists of interconnected groups of nodes, or ""neurons,"" which work together to solve specific problems, such as classification, regression, or pattern recognition.

### Key Components of Neural Networks:

1. **Neurons**: The basic units of a neural network, analogous to biological neurons. Each neuron receives input, processes it, and produces an output.

2. **Layers**: Neural networks are typically organized into layers:
   - **Input Layer**: The first layer that receives the input data.
   - **Hidden Layers**: Intermediate layers that perform computations and transformations on the input data. There can be one or more hidden layers in a network.
   - **Output Layer**: The final layer that produces the output of the network, such as class labels or continuous values.

3. **Weights and Biases**: Each connection between neurons has an associated weight that determines the strength of the connection. Biases are additional parameters that allow the model to fit the data better.

4. **Activation Functions**: Functions applied to the output of each neuron to introduce non-linearity into the model. Common activation functions include ReLU (Rectified Linear Unit), sigmoid, and tanh.

5. **Training**: Neural networks learn from data through a process called training, which involves adjusting the weights and biases to minimize the difference between the predicted output and the actual output (often measured using a loss function). This is typically done using optimization algorithms like gradient descent.

6. **Backpropagation**: A key algorithm used during training to compute gradients and update weights efficiently. It involves propagating the error backward through the network.

###"
"A=Claude, B=GPT",who discovered penicillin?,claude-3-haiku-20240307,gpt-4o,39.62,33.45,91.426,98.0,"Penicillin was discovered by Alexander Fleming in 1928.

Some key facts about the discovery of penicillin:

- Alexander Fleming was a Scottish bacteriologist working at St. Mary's Hospital in London.

- In 1928, Fleming was studying Staphylococcus bacteria when he noticed that a petri dish of the bacteria had been accidentally contaminated by a mold. The mold had created a zone around itself where the Staphylococcus bacteria had been killed or prevented from growing.

- Fleming realized the mold must be producing an antibacterial substance, which he later named penicillin. This was the first true antibiotic to be discovered.

- Fleming published his findings in 1929, but it took nearly a decade before scientists were able to purify and mass produce penicillin for clinical use.

- The mass production of penicillin during World War II is credited with saving many lives of soldiers wounded in battle, as it could treat previously deadly bacterial infections.

- Fleming, along with Howard Florey and Ernst Chain who helped develop the drug, were awarded the Nobel Prize in Physiology or Medicine in 1945 for the discovery and development of penicillin.","Penicillin was discovered by Alexander Fleming in 1928. He observed that a mold called Penicillium notatum had antibacterial properties, which led to the development of penicillin as the first widely used antibiotic. This discovery revolutionized medicine and has saved countless lives since its introduction."
"A=Claude, B=GPT","Summarise: Mars is the fourth planet from the Sun. It is also known as the ""Red Planet"", due to its orange-red appearance.[22][23] Mars is a desert-like rocky planet with a tenuous atmosphere that is primarily carbon dioxide (CO2). At the average surface level the atmospheric pressure is a few thousandths of Earth’s, atmospheric temperature ranges from −153 to 20 °C (−243 to 68 °F)[24] and cosmic radiation is high. Mars retains some water, in the ground as well as thinly in the atmosphere, forming cirrus clouds, fog, frost, larger polar regions of permafrost and ice caps (with seasonal CO2 snow), but no bodies of liquid surface water. Its surface gravity is roughly a third of Earth's or double that of the Moon. It is about half as wide as Earth or twice the Moon, with a diameter of 6,779 km (4,212 mi), and has a surface area the size of all the dry land of Earth.",claude-3-haiku-20240307,gpt-4o,56.15,57.37,100.0,100.0,"Here is a summary of the key points about Mars:

- Mars is the fourth planet from the Sun and is known as the ""Red Planet"" due to its orange-red appearance.

- Mars is a desert-like rocky planet with a very thin atmosphere that is primarily composed of carbon dioxide.

- The atmospheric pressure on Mars is only a few thousandths of Earth's, and the temperature ranges from -153°C to 20°C.

- Mars retains some water, including in the ground, atmosphere, polar regions, and ice caps, but has no liquid surface water.

- Mars has a surface gravity about a third of Earth's or double the Moon's.

- Mars has a diameter of 6,779 km, about half the width of Earth or twice the size of the Moon, and a surface area equivalent to all the dry land on Earth.","Mars, the fourth planet from the Sun, is known as the ""Red Planet"" due to its orange-red color. It is a rocky, desert-like planet with a thin atmosphere primarily composed of carbon dioxide. The atmospheric pressure is very low compared to Earth's, and temperatures can range from −153 to 20 °C (−243 to 68 °F), with high levels of cosmic radiation. Mars contains some water in the form of ground ice, polar ice caps, and thin atmospheric moisture, but lacks liquid surface water. Its surface gravity is about one-third that of Earth's, and it has a diameter of 6,779 km (4,212 mi), making it about half the width of Earth and twice that of the Moon. The planet's surface area is equivalent to all of Earth's dry land."
"A=Claude, B=GPT","Summarise: Mars is the fourth planet from the Sun. It is also known as the ""Red Planet"", due to its orange-red appearance.[22][23] Mars is a desert-like rocky planet with a tenuous atmosphere that is primarily carbon dioxide (CO2). At the average surface level the atmospheric pressure is a few thousandths of Earth’s, atmospheric temperature ranges from −153 to 20 °C (−243 to 68 °F)[24] and cosmic radiation is high. Mars retains some water, in the ground as well as thinly in the atmosphere, forming cirrus clouds, fog, frost, larger polar regions of permafrost and ice caps (with seasonal CO2 snow), but no bodies of liquid surface water. Its surface gravity is roughly a third of Earth's or double that of the Moon. It is about half as wide as Earth or twice the Moon, with a diameter of 6,779 km (4,212 mi), and has a surface area the size of all the dry land of Earth.",claude-3-haiku-20240307,gpt-4o,56.15,57.37,100.0,100.0,"Here is a summary of the key points about Mars:

- Mars is the fourth planet from the Sun and is known as the ""Red Planet"" due to its orange-red appearance.

- Mars is a desert-like rocky planet with a very thin atmosphere that is primarily composed of carbon dioxide.

- The atmospheric pressure on Mars is only a few thousandths of Earth's, and the temperature ranges from -153°C to 20°C.

- Mars retains some water, including in the ground, atmosphere, polar regions, and ice caps, but has no liquid surface water.

- Mars has a surface gravity about a third of Earth's or double the Moon's.

- Mars has a diameter of 6,779 km, about half the width of Earth or twice the size of the Moon, and a surface area equivalent to all the dry land on Earth.","Mars, the fourth planet from the Sun, is known as the ""Red Planet"" due to its orange-red color. It is a rocky, desert-like planet with a thin atmosphere primarily composed of carbon dioxide. The atmospheric pressure is very low compared to Earth's, and temperatures can range from −153 to 20 °C (−243 to 68 °F), with high levels of cosmic radiation. Mars contains some water in the form of ground ice, polar ice caps, and thin atmospheric moisture, but lacks liquid surface water. Its surface gravity is about one-third that of Earth's, and it has a diameter of 6,779 km (4,212 mi), making it about half the width of Earth and twice that of the Moon. The planet's surface area is equivalent to all of Earth's dry land."
"A=Claude, B=GPT","Summarise: Mars is the fourth planet from the Sun. It is also known as the ""Red Planet"", due to its orange-red appearance.[22][23] Mars is a desert-like rocky planet with a tenuous atmosphere that is primarily carbon dioxide (CO2). At the average surface level the atmospheric pressure is a few thousandths of Earth’s, atmospheric temperature ranges from −153 to 20 °C (−243 to 68 °F)[24] and cosmic radiation is high. Mars retains some water, in the ground as well as thinly in the atmosphere, forming cirrus clouds, fog, frost, larger polar regions of permafrost and ice caps (with seasonal CO2 snow), but no bodies of liquid surface water. Its surface gravity is roughly a third of Earth's or double that of the Moon. It is about half as wide as Earth or twice the Moon, with a diameter of 6,779 km (4,212 mi), and has a surface area the size of all the dry land of Earth.",claude-3-haiku-20240307,gpt-4o,56.15,57.37,98.0,98.0,"Here is a summary of the key points about Mars:

- Mars is the fourth planet from the Sun and is known as the ""Red Planet"" due to its orange-red appearance.

- Mars is a desert-like rocky planet with a very thin atmosphere that is primarily composed of carbon dioxide.

- The atmospheric pressure on Mars is only a few thousandths of Earth's, and the temperature ranges from -153°C to 20°C.

- Mars retains some water, including in the ground, atmosphere, polar regions, and ice caps, but has no liquid surface water.

- Mars has a surface gravity about a third of Earth's or double the Moon's.

- Mars has a diameter of 6,779 km, about half the width of Earth or twice the size of the Moon, and a surface area equivalent to all the dry land on Earth.","Mars, the fourth planet from the Sun, is known as the ""Red Planet"" due to its orange-red color. It is a rocky, desert-like planet with a thin atmosphere primarily composed of carbon dioxide. The atmospheric pressure is very low compared to Earth's, and temperatures can range from −153 to 20 °C (−243 to 68 °F), with high levels of cosmic radiation. Mars contains some water in the form of ground ice, polar ice caps, and thin atmospheric moisture, but lacks liquid surface water. Its surface gravity is about one-third that of Earth's, and it has a diameter of 6,779 km (4,212 mi), making it about half the width of Earth and twice that of the Moon. The planet's surface area is equivalent to all of Earth's dry land."
"A=Claude, B=GPT","Summarise: Mars is the fourth planet from the Sun. It is also known as the ""Red Planet"", due to its orange-red appearance.[22][23] Mars is a desert-like rocky planet with a tenuous atmosphere that is primarily carbon dioxide (CO2). At the average surface level the atmospheric pressure is a few thousandths of Earth’s, atmospheric temperature ranges from −153 to 20 °C (−243 to 68 °F)[24] and cosmic radiation is high. Mars retains some water, in the ground as well as thinly in the atmosphere, forming cirrus clouds, fog, frost, larger polar regions of permafrost and ice caps (with seasonal CO2 snow), but no bodies of liquid surface water. Its surface gravity is roughly a third of Earth's or double that of the Moon. It is about half as wide as Earth or twice the Moon, with a diameter of 6,779 km (4,212 mi), and has a surface area the size of all the dry land of Earth.",claude-3-haiku-20240307,gpt-4o,56.15,57.37,98.0,98.0,"Here is a summary of the key points about Mars:

- Mars is the fourth planet from the Sun and is known as the ""Red Planet"" due to its orange-red appearance.

- Mars is a desert-like rocky planet with a very thin atmosphere that is primarily composed of carbon dioxide.

- The atmospheric pressure on Mars is only a few thousandths of Earth's, and the temperature ranges from -153°C to 20°C.

- Mars retains some water, including in the ground, atmosphere, polar regions, and ice caps, but has no liquid surface water.

- Mars has a surface gravity about a third of Earth's or double the Moon's.

- Mars has a diameter of 6,779 km, about half the width of Earth or twice the size of the Moon, and a surface area equivalent to all the dry land on Earth.","Mars, the fourth planet from the Sun, is known as the ""Red Planet"" due to its orange-red color. It is a rocky, desert-like planet with a thin atmosphere primarily composed of carbon dioxide. The atmospheric pressure is very low compared to Earth's, and temperatures can range from −153 to 20 °C (−243 to 68 °F), with high levels of cosmic radiation. Mars contains some water in the form of ground ice, polar ice caps, and thin atmospheric moisture, but lacks liquid surface water. Its surface gravity is about one-third that of Earth's, and it has a diameter of 6,779 km (4,212 mi), making it about half the width of Earth and twice that of the Moon. The planet's surface area is equivalent to all of Earth's dry land."
